,USFLUX,MEANGBT,MEANJZH,MEANPOT,SHRGT45,TOTUSJH,MEANGBH,MEANALP,MEANGAM,MEANGBZ,MEANJZD,TOTUSJZ,SAVNCPP,TOTPOT,MEANSHR,AREA_ACR,R_VALUE,ABSNJZH,HARPNUM,NOAA,Class,Peak Time
0,2.246101e+22,107.736,0.02172406,15533.1,54.882,2975.118,77.983,0.04141339,59.541,117.582,0.10488009,50329220000000.0,12261480000000.0,7.077275e+23,50.329,945.314636,4.805,745.287,377,11158,X2.2,2011.02.14_01:56_TAI
1,2.235615e+22,93.863,-0.00194259,10914.06,44.178,1636.71,56.639,-0.0039419,50.68,99.163,0.13036661,33448540000000.0,3884153000000.0,4.733711e+23,43.479,961.502686,4.303,63.441,401,11166,M2.0,2011.03.06_14:30_TAI
2,6.039302e+22,91.233,0.00753529,9912.353,29.044,4229.148,49.56,0.01502758,41.15,100.01,-0.13113055,76312050000000.0,34306470000000.0,1.074422e+24,35.873,1934.446167,4.865,615.008,393,11164,M3.7,2011.03.06_20:12_TAI
3,2.38494e+22,109.706,0.00961968,3703.91,13.5,1505.331,47.602,0.03090698,34.321,110.939,0.00458129,31363240000000.0,19693860000000.0,1.879337e+23,28.525,970.551636,3.971,367.53,637,11226,M2.5,2011.06.06_06:41_TAI
4,1.989983e+22,109.891,0.03284878,12062.61,44.09,2547.054,73.681,0.07986514,53.27,115.866,0.32201284,43012470000000.0,44606710000000.0,5.269515e+23,43.929,1259.099854,4.777,1080.528,750,11261,M6.0,2011.08.02_13:48_TAI
5,2.240558e+22,109.474,0.03428198,12019.99,43.44,2862.191,70.452,0.07922547,51.866,118.352,-0.03461739,46755270000000.0,46375610000000.0,5.611343e+23,43.442,1285.486938,4.73,1205.011,750,11261,M9.3,2011.08.03_03:57_TAI
6,1.574615e+22,113.941,0.01458327,10300.17,37.082,1630.318,69.928,0.0357644,49.86,118.314,0.24709737,29136470000000.0,18908720000000.0,3.384889e+23,39.761,1212.428345,4.336,360.819,833,11283,X1.8,2011.09.06_22:38_TAI
7,3.790051e+22,61.66,-0.02073732,14635.0,42.289,2375.819,42.751,-0.0316551,49.339,79.403,0.07020875,35664430000000.0,35521030000000.0,8.881245e+23,43.869,1152.677368,4.436,947.592,1449,11429,X1.1,2012.03.04_04:09_TAI
8,5.332782e+22,89.149,-0.0321058,18206.98,45.66,5119.345,59.904,-0.04833915,51.177,106.736,-0.04734338,77800240000000.0,76721450000000.0,1.604684e+24,45.734,1720.481201,5.152,2130.605,1449,11429,X5.4,2012.03.06_00:24_TAI
9,5.372936e+22,89.536,-0.03300918,18189.7,46.386,5227.58,60.44,-0.04934162,51.243,107.903,-0.03644013,79464740000000.0,80033020000000.0,1.609369e+24,46.017,1736.178833,5.153,2198.94,1449,11430,X1.3,2012.03.06_01:14_TAI
10,5.639983e+22,95.573,-0.03076043,16383.31,51.824,5651.345,65.003,-0.05553329,54.025,107.621,-0.08451663,95208240000000.0,91721940000000.0,1.68714e+24,47.503,2318.047119,5.19,2385.133,1449,11429,M6.3,2012.03.08_03:53_TAI
11,4.881572e+22,102.49,-0.02874016,13537.03,45.79,4394.236,63.16,-0.05521183,51.09,109.758,0.1725615,79809420000000.0,83911770000000.0,1.236781e+24,44.024,2390.994141,4.975,1977.036,1449,11429,M8.4,2012.03.09_17:44_TAI
12,5.76152e+22,83.422,-0.01367048,8246.189,25.599,3219.169,41.314,-0.03144608,39.74,88.759,-0.08403038,61893650000000.0,53600290000000.0,9.171169e+23,33.159,1830.724365,4.643,1144.821,1449,11429,M7.9,2012.03.12_17:41_TAI
13,4.828057e+22,70.485,-0.0024137,6038.821,18.227,2197.012,33.587,-0.00647232,35.465,74.019,-0.05820522,45128880000000.0,11521760000000.0,6.006366e+23,29.107,1108.447754,4.126,180.764,1638,11476,M5.1,2012.05.16_01:47_TAI
14,3.232311e+22,97.68,0.00929457,10377.11,44.486,2664.364,62.279,0.02008233,51.61,104.361,-0.0850023,56936110000000.0,19985930000000.0,6.819108e+23,44.473,1325.51001,4.775,459.895,1750,11504,M1.2,2012.06.12_13:17_TAI
15,5.890359e+22,108.829,-0.01959575,14403.22,36.217,6764.289,68.888,-0.03278823,47.028,123.649,-0.16078921,106275600000000.0,47115540000000.0,1.476021e+24,40.172,2217.558594,5.18,1512.086,1807,11515,X1.1,2012.07.05_23:08_TAI
16,7.839914e+22,83.994,-0.01225562,11758.37,28.037,6227.629,50.381,-0.02100443,40.918,99.628,-0.19442259,97542960000000.0,37300190000000.0,1.515482e+24,35.459,2576.746582,4.963,1189.396,1807,11515,M6.9,2012.07.07_16:32_TAI
17,8.513423e+22,94.978,0.00983,12369.13,46.49,6720.502,57.943,0.02239399,53.253,98.634,0.2659336,135443700000000.0,58564760000000.0,2.279624e+24,45.792,4573.26416,5.073,1364.139,1834,11520,X1.4,2012.07.11_16:49_TAI
18,1.203519e+23,75.434,0.00586319,8107.142,24.0,6256.777,37.51,0.01279538,38.275,82.527,-0.08543855,112844000000000.0,49006970000000.0,1.798998e+24,31.981,3263.618164,4.95,979.652,1834,11520,M1.8,2012.07.16_17:15_TAI
19,8.213395e+22,88.738,-0.00183925,6376.126,17.86,4586.609,42.014,-0.00413119,35.661,92.98,-0.01216695,83787700000000.0,4527767000000.0,9.52456e+23,29.677,2705.156982,4.618,206.875,1879,11532,M6.2,2012.07.27_20:56_TAI
20,1.640408e+22,112.987,-0.01173471,7374.259,40.045,2106.434,75.921,-0.03332901,53.481,116.525,0.32023033,40469530000000.0,13525080000000.0,2.869646e+23,43.022,919.80542,4.641,343.851,2220,11618,M3.5,2012.11.20_15:30_TAI
21,1.790322e+22,112.989,-0.0111969,7501.022,31.317,1506.448,63.663,-0.02634718,45.315,113.084,0.34572527,30011160000000.0,9861210000000.0,2.722829e+23,37.535,1129.59021,4.184,306.045,2635,11719,M6.5,2013.04.10_07:16_TAI
22,2.718966e+22,84.971,-0.00270795,2930.493,9.683,1118.987,32.101,-0.00857793,28.326,87.079,-0.16292079,24308880000000.0,4841860000000.0,1.62293e+23,23.57,672.540771,3.433,112.924,2739,11745,M5.0,2013.05.21_13:32_TAI
23,2.581545e+22,108.133,-0.00838837,8095.902,36.259,2626.222,65.014,-0.02442875,49.641,113.615,0.33699983,52835140000000.0,7843014000000.0,4.803974e+23,40.944,1548.595093,4.774,374.793,3291,11875,M4.3,2013.10.21_21:20_TAI
24,3.725599e+22,96.755,0.00865832,10883.05,35.946,2530.608,50.933,0.018747,46.57,99.752,0.2006571,52764940000000.0,20976820000000.0,8.326618e+23,39.838,1520.805054,4.511,498.814,3295,11877,M9.3,2013.10.23_00:30_TAI
25,5.241538e+22,92.539,-0.01121087,10628.06,31.072,3671.849,50.835,-0.02233646,43.1,100.168,0.17250659,69887520000000.0,38450770000000.0,1.035019e+24,37.391,1930.773193,4.611,822.06,3291,11875,X1.0,2013.10.27_02:03_TAI
26,5.538624e+22,90.602,-0.00947296,10030.7,29.521,3646.043,47.98,-0.01941137,42.435,97.508,0.20636785,69291790000000.0,37142030000000.0,1.045315e+24,36.611,1926.72876,4.589,743.334,3291,11875,M5.1,2013.10.27_04:41_TAI
27,4.776452e+22,102.417,0.00844044,12895.84,44.852,4618.385,65.067,0.01723538,51.549,108.751,-0.04082112,84622660000000.0,15001350000000.0,1.200892e+24,44.19,2366.622314,4.863,591.785,3341,11890,X1.1,2013.11.07_04:26_TAI
28,3.468783e+22,106.709,0.00975525,11885.88,44.647,3347.945,66.801,0.02061596,53.168,111.594,0.23124351,64393790000000.0,11108800000000.0,8.465006e+23,44.453,2177.477295,4.598,523.125,3341,11890,X1.1,2013.11.09_05:14_TAI
29,1.123732e+23,83.953,0.00783546,11092.67,32.912,7451.458,46.996,0.01489204,44.246,92.08,0.08615489,140658500000000.0,45130250000000.0,2.28996e+24,39.183,3756.068604,5.106,1217.96,3563,11943,M4.0,2014.01.03_19:46_TAI
30,8.887493e+22,91.286,0.0146127,16349.03,50.73,7376.194,58.229,0.02751746,55.09,95.612,0.19380304,147539800000000.0,66697340000000.0,2.958335e+24,48.143,4566.675293,4.998,1990.937,3563,11944,X1.2,2014.01.06_18:32_TAI
31,1.899428e+22,112.222,0.00305002,7742.188,34.747,1735.345,65.63,0.00772371,49.065,112.411,0.12647933,35149670000000.0,3720052000000.0,3.215685e+23,39.166,1084.857788,4.178,95.389,3721,11974,M1.7,2014.02.10_03:31_TAI
32,1.149691e+22,126.345,0.01271649,7356.699,29.798,1181.389,71.478,0.03146107,46.364,130.18,0.26780155,23450990000000.0,10955760000000.0,1.764955e+23,36.277,821.931335,4.407,229.723,3894,12017,X1.0,2014.03.28_17:48_TAI
33,1.778795e+22,73.203,-0.00695545,8013.122,21.764,910.132,34.735,-0.01788919,37.233,73.493,-0.07129015,17141140000000.0,3606667000000.0,2.841888e+23,32.075,453.917938,0.0,185.731,3941,12027,M6.5,2014.04.01_14:05_TAI
34,2.91765e+22,99.791,0.00325833,9813.272,48.57,2495.747,64.769,0.00802694,55.406,102.355,0.10946603,52801480000000.0,2892100000000.0,6.496682e+23,46.568,1534.237549,4.402,162.428,3999,12036,M7.3,2014.04.17_13:03_TAI
35,3.699734e+22,76.789,0.00317375,3689.466,13.513,1733.588,33.589,0.01039741,32.857,83.531,-0.05750597,34333390000000.0,3695145000000.0,2.922863e+23,25.632,1410.516724,4.633,189.317,4000,12035,X1.3,2014.04.24_00:27_TAI
36,4.281129e+22,83.686,-0.00542484,7117.52,22.702,2676.917,42.738,-0.01202296,37.27,91.213,-0.23167101,45457220000000.0,8725597000000.0,5.515938e+23,31.048,1175.049316,4.57,316.561,4071,12051,M1.8,2014.05.05_09:03_TAI
37,7.753164e+22,92.68,0.00308389,9969.851,34.261,5121.67,51.516,0.00634874,45.373,98.381,-0.16185781,105271200000000.0,10052540000000.0,1.48699e+24,39.128,3039.433838,4.757,346.33,4197,12085,M3.1,2014.06.11_22:16_TAI
38,3.602393e+22,76.572,0.00153216,1831.877,3.839,1632.282,33.126,0.00497754,26.193,77.936,-0.0589234,32869330000000.0,2249722000000.0,1.327708e+23,21.2,535.735718,3.916,83.614,4294,12106,M1.4,2014.06.30_11:23_TAI
39,1.361912e+23,93.43,-0.00275257,19751.25,53.153,11078.554,60.1,-0.00507789,54.997,103.843,0.12284084,213700900000000.0,12705450000000.0,5.20726e+24,49.126,6830.160156,5.331,546.421,4698,12192,M4.0,2014.10.23_07:48_TAI
40,4.755801e+22,90.7,0.02568727,7232.147,19.835,4235.187,48.432,0.05631237,36.616,101.087,0.00079671,65719770000000.0,54774070000000.0,6.200353e+23,30.809,1334.581055,4.808,1658.139,4781,12205,M2.0,2014.11.06_04:25_TAI
41,4.710546e+22,92.174,0.02097155,6418.685,22.757,4016.138,47.83,0.05759615,38.426,99.792,0.01841382,71981340000000.0,52294080000000.0,6.253255e+23,33.076,1404.910034,4.815,1538.431,4781,12205,X1.6,2014.11.06_17:26_TAI
42,1.1078e+23,80.634,0.00236184,9019.263,21.376,5932.746,36.951,0.00501151,36.305,87.934,0.07281394,107219800000000.0,16831400000000.0,1.794373e+24,31.229,3399.685059,4.94,353.811,4817,12209,M3.7,2014.11.14_20:46_TAI
43,2.112068e+22,104.28,0.01318199,7653.133,33.314,1677.986,59.808,0.02929953,45.65,110.604,0.04811292,32744630000000.0,14448600000000.0,3.156743e+23,38.388,723.214417,4.614,409.42,4941,12241,M1.1,2014.12.16_01:50_TAI
44,6.006345e+22,109.359,0.00927974,9663.436,34.32,5413.452,61.238,0.02289035,47.119,114.424,0.5693655,108544100000000.0,36061530000000.0,1.230139e+24,38.911,4560.821289,5.001,889.491,4920,12242,M8.7,2014.12.16_04:51_TAI
45,9.793799e+22,104.32,0.00771009,8724.559,29.926,7527.092,54.694,0.01997054,42.605,109.584,0.19874957,152535200000000.0,56145000000000.0,1.767663e+24,36.428,4591.686523,5.169,1176.212,4920,12242,X1.8,2014.12.19_00:28_TAI
46,2.68945e+22,81.302,0.01578774,15316.14,60.444,2168.919,57.726,0.03255469,60.188,87.11,0.03427478,44210560000000.0,32318060000000.0,9.061085e+23,52.382,1321.939087,4.549,703.281,4941,12241,M1.0,2014.12.20_12:17_TAI
47,3.039078e+22,80.184,-0.00135032,8487.572,30.289,1978.587,47.322,-0.00293545,42.875,86.933,-0.07118814,35516240000000.0,6009816000000.0,4.894358e+23,36.895,830.961426,4.267,58.63,5026,12257,M5.6,2015.01.12_04:24_TAI
48,1.788694e+22,101.538,0.00280161,9082.224,42.812,1595.974,62.114,0.00714822,51.974,107.209,0.08737171,34209320000000.0,5230103000000.0,3.671549e+23,43.52,864.771606,4.516,85.272,5144,12280,M2.4,2015.02.08_23:35_TAI
49,3.251404e+22,90.629,0.0192042,6998.3,22.925,2226.28,44.025,0.04480061,38.372,97.112,-0.17215258,40022190000000.0,38734150000000.0,4.39999e+23,32.988,940.077209,4.502,909.146,5298,12297,M5.8,2015.03.08_23:53_TAI
50,3.232448e+22,90.272,0.02065945,7287.256,24.492,2280.8,44.864,0.04989633,39.365,96.148,-0.09316363,41166690000000.0,39470250000000.0,4.676506e+23,34.058,957.782043,4.505,998.265,5298,12297,M5.1,2015.03.09_03:24_TAI
51,2.665935e+22,101.103,0.03828346,9854.149,33.951,3028.825,56.84,0.09529437,46.022,106.157,0.15815945,51750480000000.0,58707090000000.0,5.739193e+23,39.706,1218.618408,4.863,1678.883,5298,12297,X2.2,2015.03.10_16:22_TAI
52,3.59304e+22,89.515,0.01872587,7743.12,19.19,2750.498,41.75,0.04727825,35.426,94.062,0.09862386,44903090000000.0,31441620000000.0,5.651137e+23,29.951,1026.390137,4.482,1029.005,5298,12297,M1.0,2015.03.16_23:34_TAI
53,4.934381e+22,74.531,-0.00547031,11476.38,38.433,3126.947,45.86,-0.01007191,47.315,81.832,0.05587631,54160720000000.0,18860820000000.0,1.031276e+24,40.629,1509.345215,4.619,370.132,5692,12371,M3.0,2015.06.17_17:36_TAI
54,4.989108e+22,79.764,-0.01186295,17768.23,57.097,3774.024,55.205,-0.02062187,56.684,88.838,-0.00521457,72843820000000.0,32187950000000.0,1.691952e+24,50.666,1855.264648,4.933,850.598,5692,12371,M2.0,2015.06.20_01:42_TAI
55,5.012767e+22,79.442,-0.01105787,17702.28,57.464,3866.555,55.125,-0.01934268,56.835,88.759,-0.01320978,74063410000000.0,31609480000000.0,1.704056e+24,50.868,1849.319458,4.941,801.508,5692,12371,M2.6,2015.06.20_02:36_TAI
56,4.159746e+22,82.887,-0.01718576,20521.81,62.847,3377.469,59.945,-0.0290586,60.668,90.405,-0.1933084,65076780000000.0,36861720000000.0,1.654911e+24,53.971,1801.705322,4.753,1043.416,5692,12371,M6.5,2015.06.21_18:23_TAI
57,4.158725e+22,90.713,-0.00872044,13462.55,48.526,3049.16,54.437,-0.01752003,53.031,96.946,-0.1010584,62401070000000.0,16235000000000.0,1.147359e+24,46.591,1754.862671,4.776,559.582,5692,12371,M7.9,2015.06.24_08:16_TAI
58,3.233581e+22,103.753,0.00067933,6952.538,23.885,2513.204,56.279,0.00152318,39.995,112.828,-0.21392909,47603430000000.0,8887037000000.0,4.091913e+23,33.861,1261.725586,4.801,30.105,5885,12403,M1.4,2015.08.20_09:48_TAI
59,3.517949e+22,110.032,-0.0017656,8549.354,33.952,3130.372,63.132,-0.00385183,46.187,118.461,-0.19342014,61923770000000.0,8942747000000.0,5.769609e+23,39.089,1515.250977,4.943,89.719,5885,12403,M1.2,2015.08.21_06:49_TAI
60,7.038312e+21,122.469,0.00666934,4012.895,12.268,593.131,59.557,0.01531848,34.81,130.721,0.33500677,10417320000000.0,4348749000000.0,5.117197e+22,27.894,181.026672,3.786,64.039,5982,12423,M3.6,2015.09.27_03:55_TAI
61,2.213782e+22,90.271,0.0017851,9912.667,31.09,1406.498,52.861,0.00312264,43.553,96.217,0.03887552,25559910000000.0,2626233000000.0,3.791365e+23,37.277,594.803345,4.471,51.411,6052,12445,M1.9,2015.11.03_03:26_TAI
62,3.315448e+22,107.088,0.00016479,10601.25,43.677,3119.689,66.483,0.00040016,53.433,110.543,0.29659054,64710620000000.0,8499922000000.0,7.795786e+23,44.055,2151.402832,4.54,9.124,6063,12443,M3.7,2015.11.03_13:52_TAI
63,3.434321e+22,92.016,0.00575525,4007.53,13.703,1804.161,39.338,0.01615693,32.827,95.985,0.08055934,36706790000000.0,16144650000000.0,2.773227e+23,27.18,892.069885,4.024,299.883,6206,12473,M2.3,2016.01.01_00:11_TAI
64,5.026181e+22,79.752,-0.00676232,14368.04,43.489,2942.148,44.42,-0.01241915,49.165,86.554,0.1826116,61911530000000.0,28887380000000.0,1.422748e+24,44.187,1908.78479,4.353,504.192,6483,12529,M6.7,2016.04.17_00:29_TAI
65,4.74731e+22,73.395,-0.00427811,9956.528,37.828,2902.794,41.079,-0.00894469,46.551,80.145,-0.01839789,52715770000000.0,8417346000000.0,9.223108e+23,40.733,1411.067749,4.489,298.403,6670,12567,M7.6,2016.07.22_05:16_TAI
66,4.7458e+22,73.625,-0.00389459,9902.549,37.835,2913.755,41.48,-0.00815639,46.608,80.767,0.00812586,53206260000000.0,5377247000000.0,9.179156e+23,40.905,1422.726074,4.544,271.831,6670,12567,M5.5,2016.07.22_05:31_TAI
67,1.26972e+22,82.521,0.00167655,9737.677,45.03,701.932,46.826,0.00373262,50.116,86.083,0.37057492,16176550000000.0,3957700000000.0,2.630641e+23,43.028,427.894379,3.478,34.104,6972,12644,M4.4,2017.03.31_21:48_TAI
68,1.575222e+22,90.667,0.00224339,7841.309,38.571,957.551,46.727,0.00554357,47.27,94.96,0.03567007,21276880000000.0,3274184000000.0,2.669632e+23,40.256,514.755737,4.249,57.509,6972,12644,M5.3,2017.04.01_08:02_TAI
69,2.325894e+22,96.684,0.01020839,6855.564,33.309,1883.0,53.173,0.02536344,44.707,107.359,-0.1565154,38393200000000.0,9947515000000.0,3.332518e+23,38.243,749.720032,4.456,373.658,6972,12644,M2.1,2017.04.01_18:38_TAI
70,2.896197e+22,91.101,0.0069613,6799.521,30.037,2372.598,51.84,0.01581601,42.143,103.066,-0.00448094,43456270000000.0,9277593000000.0,3.82378e+23,36.207,872.685913,4.549,294.769,6972,12644,M1.2,2017.04.02_01:05_TAI
71,3.914156e+22,94.674,0.00850387,11506.23,35.483,3547.421,56.806,0.01504362,45.403,116.477,-0.04488815,55060310000000.0,15387510000000.0,7.77975e+23,39.277,1364.106934,4.877,432.949,6972,12644,M5.8,2017.04.02_14:29_TAI
72,2.801508e+22,92.661,-0.01153129,16157.14,53.189,2242.073,60.023,-0.01986703,57.078,95.303,0.13319348,45932720000000.0,10867100000000.0,9.351993e+23,49.416,1275.120483,4.323,502.557,7075,12665,M2.4,2017.07.13_02:09_TAI
73,1.402636e+22,113.272,-0.01698205,10984.6,52.697,1820.984,80.377,-0.03933228,61.159,120.609,-0.02906775,35849630000000.0,12849900000000.0,3.629503e+23,50.021,590.512634,4.547,422.496,7115,12673,M1.5,2017.09.03_15:30_TAI
74,1.677663e+22,113.681,-0.02205828,12905.09,55.155,2111.055,82.925,-0.04556597,61.688,121.443,-0.07124893,41079650000000.0,23433950000000.0,4.809242e+23,51.132,702.404175,4.722,618.933,7115,12673,M1.0,2017.09.03_18:22_TAI
75,1.894302e+22,104.443,-0.02364388,13977.41,56.211,2347.302,77.367,-0.0502132,61.947,114.392,-0.13418195,44658080000000.0,29304970000000.0,6.007235e+23,51.934,785.721313,4.752,765.14,7115,12673,M5.5,2017.09.03_20:33_TAI
76,3.788917e+22,107.061,-0.05318488,19742.46,54.154,6133.619,75.092,-0.08671843,56.122,126.083,0.11534667,82894590000000.0,81400980000000.0,1.388368e+24,48.974,1510.102295,5.247,2816.139,7115,12673,X9.3,2017.09.05_12:02_TAI
77,4.594636e+22,102.93,-0.05804894,20623.11,46.444,6720.365,72.178,-0.09135859,51.376,118.894,-0.1939228,89535300000000.0,93368970000000.0,1.661681e+24,44.945,1702.892334,5.266,3521.829,7115,12673,M7.3,2017.09.06_10:15_TAI
78,4.866939e+22,107.425,-0.05880231,20121.23,42.628,7552.219,74.428,-0.08989612,49.661,120.309,-0.19588085,96855140000000.0,95492090000000.0,1.698924e+24,43.288,1725.238525,5.306,3738.533,7115,12673,X1.3,2017.09.06_14:36_TAI
79,5.379487e+22,98.906,-0.04438885,18285.56,40.466,7345.65,65.531,-0.0620529,47.259,112.357,-0.18934859,89560910000000.0,81198450000000.0,1.604617e+24,41.422,1733.589844,5.097,2933.037,7115,12673,M3.9,2017.09.06_23:59_TAI
80,5.385992e+22,98.171,-0.04123109,18121.72,40.172,6641.907,63.756,-0.05853896,46.903,112.411,-0.20557223,84082680000000.0,74143230000000.0,1.580492e+24,41.332,1798.567505,5.124,2707.563,7115,12673,M1.2,2017.09.07_03:43_TAI
81,9.204239e+21,114.201,-0.00883545,5091.062,25.213,685.397,57.688,-0.02230301,42.149,118.104,-0.0872131,14266830000000.0,3961824000000.0,9.608279e+22,34.965,352.135284,3.913,125.552,7570,12816,M1.1,2021.04.18_23:42_TAI
82,1.699376e+22,93.53,-0.0053139,7158.919,29.569,975.477,40.38,-0.01517941,41.676,96.119,-0.18321741,23942490000000.0,11436760000000.0,2.757419e+23,37.2,620.522034,3.914,154.114,7590,12824,M1.4,2021.05.21_21:36_TAI
83,1.533049e+22,96.756,-0.00843469,7265.311,33.311,962.708,45.116,-0.02523629,44.301,100.213,-0.1533087,24238820000000.0,15241350000000.0,2.641899e+23,38.333,717.201721,4.214,230.933,7590,12824,M1.1,2021.05.22_11:08_TAI
84,1.858086e+22,112.505,0.02147941,9242.813,39.668,1666.682,66.845,0.04355522,49.796,118.794,-0.03601445,32765920000000.0,26385920000000.0,3.306971e+23,41.895,747.103943,4.587,578.655,7716,12860,M4.7,2021.08.27_06:11_TAI
85,1.741742e+22,105.81,0.02695975,6628.438,20.435,1445.969,47.489,0.06518842,36.441,113.244,-0.30479375,25393160000000.0,29057810000000.0,2.180996e+23,31.484,581.094971,4.36,667.955,7745,12871,M2.8,2021.09.22_04:42_TAI
86,1.617605e+22,107.776,0.02410075,6625.733,25.572,1334.265,49.81,0.06280281,39.62,115.898,-0.25016427,26163640000000.0,27149040000000.0,2.159516e+23,34.575,619.586182,4.355,591.481,7745,12871,M1.8,2021.09.22_15:28_TAI
87,1.536188e+22,90.475,-0.01279382,17533.94,50.752,1217.929,54.309,-0.0220232,54.13,95.641,0.08565825,22940900000000.0,15887160000000.0,5.415821e+23,47.401,653.869202,4.287,297.546,7770,12882,M1.6,2021.10.08_06:38_TAI
88,2.31837e+22,110.264,0.00544654,4421.695,15.742,1433.124,45.824,0.01516487,34.711,111.606,-0.11979809,29214640000000.0,10664980000000.0,2.065078e+23,29.41,821.984741,4.053,191.527,7798,12887,M1.5,2021.10.31_01:45_TAI
89,2.935542e+22,119.268,0.00026133,5774.761,31.354,2411.927,64.435,0.00072254,47.029,121.105,0.1252781,51781350000000.0,3181153000000.0,3.823525e+23,37.176,2019.717407,4.438,13.029,7871,12908,M1.8,2021.12.19_11:36_TAI
90,3.618037e+22,118.541,0.00323661,5783.006,30.404,3118.048,64.807,0.00901811,46.715,119.548,0.27797946,66840210000000.0,16564810000000.0,4.686466e+23,37.488,2094.135498,4.445,197.498,7871,12908,M1.3,2021.12.21_07:06_TAI
91,1.033871e+22,88.555,-0.02338768,11174.85,44.05,778.161,54.743,-0.0469148,51.392,97.269,0.08290923,15561650000000.0,15685370000000.0,2.273446e+23,44.014,369.277863,4.321,358.276,7934,12929,M1.5,2022.01.17_17:44_TAI
92,4.00258e+22,100.477,0.0062312,9008.001,34.532,2958.1,54.619,0.01499972,45.537,107.604,0.05169797,62101230000000.0,24079410000000.0,7.406067e+23,39.201,1526.340698,4.762,385.742,7966,12936,M1.1,2022.01.28_23:32_TAI
93,1.082424e+22,102.136,-0.00968915,2232.205,8.139,607.33,37.323,-0.03518589,29.69,103.074,-0.04241974,12772130000000.0,6134462000000.0,5.372503e+22,25.049,326.01355,3.454,175.587,8043,12958,M2.0,2022.03.01_17:39_TAI
94,1.865821e+22,92.69,0.001563,6393.99,21.025,1277.227,46.689,0.00367186,38.843,98.372,0.01333424,23785330000000.0,1720269000000.0,2.319878e+23,31.715,491.108276,4.202,42.701,8060,12964,M2.2,2022.03.10_22:32_TAI
95,1.53045e+22,102.505,0.00340474,2173.274,5.688,859.892,36.72,0.01114109,28.195,104.467,-0.19525383,18080920000000.0,3522809000000.0,6.79961e+22,24.051,479.17746,3.708,80.212,8086,12974,M1.4,2022.03.24_05:26_TAI
96,4.049263e+22,96.887,-0.00617801,9920.586,40.081,2800.389,51.656,-0.01468593,49.444,101.169,-0.05550899,61621740000000.0,24677690000000.0,8.749899e+23,42.591,1749.817139,4.466,410.288,8088,12975,M4.0,2022.03.27_11:29_TAI
97,4.82717e+22,101.761,0.01653279,13179.15,45.876,4740.682,63.181,0.03363597,52.263,110.179,-0.1054587,87822840000000.0,46286560000000.0,1.293575e+24,44.939,2350.828857,5.019,1221.889,8088,12975,X1.3,2022.03.29_17:37_TAI
98,5.603575e+22,94.813,0.01118048,11567.95,42.835,4693.135,55.692,0.02392548,49.789,100.203,0.00471439,88289750000000.0,43409390000000.0,1.326681e+24,43.194,2400.532227,4.878,965.502,8088,12975,M9.6,2022.03.30_18:35_TAI
99,6.616555e+22,87.939,0.00894593,9567.934,29.248,4243.061,45.574,0.01814313,42.005,93.301,-0.23286255,77064110000000.0,46428060000000.0,1.171069e+24,35.851,2175.613281,4.735,824.421,8088,12976,M3.9,2022.04.01_13:55_TAI
100,1.143686e+23,79.94,-0.00183423,9938.399,37.263,6917.046,41.302,-0.00408675,45.394,85.276,-0.11983254,140300800000000.0,25923010000000.0,2.34809e+24,39.916,3758.827148,5.218,326.3,8155,12993,M9.6,2022.04.20_01:59_TAI
101,9.93989e+22,71.736,-0.00224827,5134.309,20.031,4424.501,32.215,-0.0066041,36.66,74.119,-0.19143488,91053340000000.0,16443350000000.0,1.098154e+24,29.719,2584.498535,4.657,362.069,8155,12996,M1.2,2022.04.28_07:30_TAI
102,4.424282e+22,74.83,0.00039909,5025.26,17.192,1987.005,31.573,0.00113637,35.175,80.601,-0.35633364,41464660000000.0,13261540000000.0,4.654821e+23,28.062,1059.755859,5.081,27.834,8155,12994,M4.8,2022.04.29_09:58_TAI
103,4.004362e+22,74.843,0.0003658,5588.878,17.913,1899.228,32.644,0.00094782,35.703,79.957,-0.47449097,37520960000000.0,15252000000000.0,4.472516e+23,28.769,936.450195,5.333,22.042,8155,12994,X1.1,2022.04.29_13:47_TAI
104,2.553172e+22,123.567,-0.00720778,2844.019,13.146,1999.001,53.814,-0.02616494,35.229,124.138,-0.04705691,39342800000000.0,7828556000000.0,1.636e+23,28.318,1633.363525,3.978,312.205,8206,13006,X1.5,2022.05.09_13:55_TAI
105,4.934961e+21,127.365,-0.00242825,1859.798,4.14,357.675,49.868,-0.00952668,29.623,126.85,0.31555295,8109941000000.0,1389410000000.0,2.01667e+22,23.811,358.48111,1.829,19.827,8240,13016,M1.3,2022.05.24_18:24_TAI
106,4.493794e+22,84.818,-0.0054428,3291.977,12.926,2240.887,34.33,-0.01802967,32.419,88.32,-0.27582026,46742460000000.0,11069730000000.0,3.234458e+23,26.914,1149.281006,4.524,402.669,8301,13032,M3.4,2022.06.12_04:07_TAI
107,4.741532e+22,88.962,-0.00695935,7783.522,25.243,2744.541,43.604,-0.01485599,39.905,93.262,-0.23910347,52504130000000.0,17773050000000.0,6.886109e+23,33.455,1434.893799,4.621,463.583,8390,13053,M2.5,2022.07.07_20:49_TAI
108,4.473127e+21,121.822,0.0208627,7203.967,41.487,435.963,67.386,0.05633468,51.802,129.458,0.48852897,10126590000000.0,9594341000000.0,7.4117e+22,42.741,248.851349,3.966,161.623,8507,13078,M1.0,2022.08.14_14:36_TAI
109,1.747486e+22,115.803,0.0544606,15246.49,45.741,2275.233,75.635,0.09969646,52.783,137.64,0.66728675,37517800000000.0,59953650000000.0,4.939302e+23,45.313,735.615234,4.892,1328.512,8507,13078,M2.0,2022.08.16_13:45_TAI
110,2.11342e+22,108.524,0.04772602,12497.71,39.96,2470.087,67.252,0.09761311,49.837,123.408,0.22586702,41278130000000.0,71180880000000.0,5.110871e+23,43.192,802.475342,4.881,1469.58,8507,13078,M1.3,2022.08.17_10:09_TAI
111,2.131942e+22,109.596,0.04883914,12358.39,39.87,2476.078,67.693,0.09804158,49.367,124.691,0.30882555,41516530000000.0,71517590000000.0,5.041916e+23,42.725,799.119751,4.881,1500.338,8507,13078,M1.5,2022.08.17_10:55_TAI
112,2.136325e+22,110.64,0.03781171,9341.753,33.397,2108.997,64.747,0.07925776,46.311,120.013,0.29788288,37435350000000.0,60701750000000.0,3.767906e+23,39.44,742.362061,4.831,1148.304,8507,13078,M1.6,2022.08.18_04:44_TAI
113,3.347933e+22,91.01,0.01970106,11831.26,40.059,2805.955,56.95,0.03600403,47.428,107.824,-0.02939538,48194450000000.0,39804020000000.0,7.080656e+23,42.31,1145.984497,4.9,887.769,8528,13088,M4.8,2022.08.26_02:40_TAI
114,5.081806e+22,77.666,0.0090351,15518.08,43.318,3991.431,50.443,0.01411061,48.736,109.77,0.03764873,58675240000000.0,22137720000000.0,1.261499e+24,43.993,1588.411011,4.921,553.029,8528,13088,M6.7,2022.08.27_16:19_TAI
115,1.221594e+22,96.264,0.00714906,11384.66,47.536,1041.023,64.494,0.01632527,55.916,99.028,0.13471121,20682260000000.0,1454511000000.0,3.095984e+23,45.006,672.340881,4.195,146.384,8625,13110,M5.8,2022.09.30_20:10_TAI
116,1.322708e+22,101.727,0.00753289,11284.09,44.504,1124.775,69.39,0.0164024,54.403,101.772,0.09269743,22973180000000.0,2494425000000.0,3.154806e+23,43.531,663.172363,3.897,158.582,8625,13110,M8.7,2022.10.01_02:21_TAI
117,1.723127e+22,100.225,0.00839754,8561.587,44.478,1380.802,61.459,0.02197288,53.414,102.089,0.13918202,30490390000000.0,4198136000000.0,3.414803e+23,44.645,823.056946,4.371,252.195,8625,13110,X1.0,2022.10.01_20:25_TAI
118,2.383564e+22,104.228,0.01113671,6919.594,37.201,2082.488,60.0,0.02879893,49.554,109.421,0.03093548,42546890000000.0,14606730000000.0,3.682611e+23,40.764,972.442444,4.572,446.281,8625,13110,M4.2,2022.10.02_10:11_TAI
119,2.840421e+22,101.033,0.01014049,7262.226,35.409,2399.679,57.456,0.02576071,47.222,106.877,-0.01758776,47891970000000.0,14203690000000.0,4.413542e+23,39.812,1016.824585,4.561,464.049,8625,13110,M1.2,2022.10.02_20:28_TAI
120,3.432077e+22,90.454,0.00679177,6700.931,29.777,2429.993,48.053,0.01658261,43.557,97.34,-0.09011482,46497470000000.0,9632491000000.0,4.712358e+23,36.823,1070.21936,4.467,359.638,8625,13110,M1.6,2022.10.03_13:15_TAI
121,7.217524e+22,110.904,0.00252471,7309.255,27.85,5581.448,54.785,0.00641896,42.176,113.039,-0.22087254,110225700000000.0,12884400000000.0,1.079022e+24,35.753,3322.364502,4.871,280.637,8640,13112,M3.9,2022.10.10_08:42_TAI
122,7.493415e+22,102.569,0.00120279,6658.567,27.474,5466.838,49.294,0.00340391,41.905,105.813,-0.07469448,110750700000000.0,4805863000000.0,1.08441e+24,35.529,3323.814209,4.867,147.495,8640,13112,M1.5,2022.10.10_10:52_TAI
123,5.927552e+22,64.317,-0.00197666,9566.75,29.498,2753.037,34.327,-0.00415591,42.124,69.422,-0.19540738,52469330000000.0,8583459000000.0,1.079562e+24,34.754,1528.78833,4.648,167.956,8766,13141,M5.2,2022.11.06_00:11_TAI
124,3.306774e+21,122.09,-0.01099278,4802.096,38.651,380.207,71.536,-0.03017928,52.811,124.036,-0.03690024,7916531000000.0,4136950000000.0,3.837916e+22,42.218,113.519974,3.786,66.155,8808,13150,M1.6,2022.11.18_12:56_TAI
125,1.093518e+22,116.937,0.00146525,2898.321,14.524,730.551,49.115,0.00499898,35.29,117.061,0.12436935,15645140000000.0,1166232000000.0,6.871795e+22,29.73,600.873779,3.354,26.159,8818,13152,M1.0,2022.11.30_07:21_TAI
126,6.474194e+21,142.728,-0.01070148,4368.308,20.463,556.683,77.165,-0.02394563,42.771,141.616,0.53876305,10322320000000.0,3097405000000.0,5.386511e+22,32.075,322.552429,3.467,99.353,8882,13165,M2.4,2022.12.13_07:40_TAI
127,7.4484e+21,147.131,-0.01447095,5128.152,18.503,747.121,77.23,-0.03037494,40.418,149.424,-0.15012997,12958790000000.0,4499863000000.0,6.853317e+22,32.196,325.054016,3.877,145.621,8882,13165,M2.2,2022.12.13_17:12_TAI
128,8.067587e+21,131.752,-0.00144742,5033.962,24.616,776.531,71.927,-0.00343828,44.539,135.76,0.1724664,15157280000000.0,3134862000000.0,8.05782e+22,34.783,321.174286,3.97,17.446,8882,13165,M4.5,2022.12.13_22:06_TAI
129,1.422688e+22,113.721,-0.00803199,6520.123,31.608,1443.744,66.98,-0.01868638,46.785,123.927,0.03544027,27177950000000.0,4512355000000.0,1.892167e+23,38.895,508.40387,4.515,175.515,8882,13165,M1.0,2022.12.14_07:58_TAI
130,2.344431e+22,92.576,-0.00453557,12594.41,49.494,1660.768,55.492,-0.00870854,53.644,96.768,0.00923139,33957930000000.0,1112968000000.0,5.832835e+23,46.453,952.9151,4.251,158.155,8918,13176,M1.4,2022.12.29_15:28_TAI
